baraj_adi,yil_2010,yil_2011,yil_2012,yil_2013,yil_2014,yil_2015,yil_2016,yil_2017,yil_2018,yil_2019,yil_2020,yil_2021
ASLANTAS,17.8,47.1,24.0,22.4,3.6,56.7,10.2,32.0,15.0,57.0,52.3,20.0
KOZAN,57.2,57.0,45.9,39.6,21.1,46.1,26.9,21.2,21.5,63.1,53.6,26.6
CATALAN,2.4,19.9,5.0,15.5,10.7,24.3,9.6,8.8,9.9,12.9,10.7,7.3
SEYHAN-I,39.4,42.5,54.7,41.3,33.7,66.6,30.5,31.1,46.6,44.7,59.1,29.5
YEDIGOZE,39.4,84.6,77.0,80.4,85.0,95.9,97.0,97.1,96.0,91.7,88.3,49.9
GOKTAS-1,39.4,42.5,40.2,39.9,29.1,47.5,37.4,67.0,88.7,93.9,75.8,25.9
KOPRU,39.4,42.5,40.2,20.6,2.2,3.0,15.1,87.3,53.9,96.8,64.6,37.6
FEKE-2,39.4,42.5,31.2,87.0,53.9,71.5,47.5,37.8,18.7,42.9,46.9,48.4
MENGE,39.4,42.5,33.9,76.5,40.5,20.8,76.6,37.7,74.6,68.0,62.6,24.6
KAVSAKBENDI,39.4,42.5,40.2,39.9,68.7,90.3,15.3,65.3,75.7,68.9,77.9,68.8
NERGIZLIK,48.7,47.0,45.7,46.4,24.1,44.0,6.4,25.0,34.3,41.0,18.8,3.3
CAMGAZI,13.8,7.3,7.5,7.3,5.1,23.9,0.0,4.2,0.0,53.7,45.9,8.1
SELEVIR,47.9,60.1,52.7,24.5,0.0,70.2,42.5,18.1,0.0,0.3,0.0,0.0
AKDEGIRMEN,49.2,72.5,84.7,73.9,38.8,59.2,38.3,18.2,12.1,30.9,15.3,8.6
SEYITLER,3.7,26.8,40.4,33.2,6.2,76.6,57.2,39.9,9.9,31.1,32.1,21.7
ORENLER,26.4,42.2,26.5,25.5,5.9,54.9,64.3,16.5,27.5,49.5,27.1,13.6
SERBAN,54.9,55.9,41.3,56.8,26.8,77.3,49.2,27.8,24.3,47.9,39.9,31.0
YAZICI,39.4,42.5,86.6,90.0,91.2,90.1,79.5,94.9,94.2,72.0,80.8,71.4
PATNOS,63.4,71.2,56.6,65.9,42.7,58.6,78.0,67.4,46.4,68.3,52.0,47.5
KULTEPE,29.1,86.6,61.3,26.0,20.3,37.4,3.5,6.1,6.2,6.1,5.4,2.3
BOZKIR,57.8,67.6,59.4,37.8,19.9,22.7,12.1,7.8,16.9,36.6,36.6,36.6
MAMASIN,4.0,4.8,5.0,5.8,6.1,14.2,13.2,12.0,14.5,16.9,13.0,11.7
SARAYOZU,39.4,42.5,42.8,45.6,0.6,52.5,34.0,36.9,5.1,26.6,0.0,7.7
YEDIKIR,38.8,41.5,38.1,35.7,11.0,22.2,22.2,26.5,7.7,30.1,0.0,1.2
DERINOZ,39.4,42.5,93.7,84.5,43.9,84.0,61.1,68.4,54.4,30.4,2.0,7.6
GEDIKSARAY,18.7,67.8,56.1,51.8,2.8,6.5,7.6,6.2,0.0,0.0,0.0,0.0
YAPRAK I BARAJI,39.4,42.5,40.2,39.9,29.1,47.5,0.1,13.2,7.4,0.0,2.8,4.8
ULUKOY,10.2,29.4,17.9,23.8,1.1,48.7,19.2,29.3,12.5,23.1,7.5,8.8
HIRFANLI,82.1,78.5,64.2,75.9,68.5,67.9,61.6,55.0,39.5,29.9,30.1,19.0
KESIKKOPRU,90.3,98.6,98.7,95.4,93.3,93.5,90.9,89.5,89.6,92.6,96.4,94.2
PECENEK,39.4,42.5,40.2,39.9,0.0,94.8,72.2,61.4,49.7,45.2,31.5,26.2
CAMLIDERE,15.6,18.8,27.4,27.5,19.4,21.1,15.2,10.2,8.9,9.7,15.9,12.6
EGREKKAYA,75.9,71.6,68.4,39.4,7.4,88.1,70.2,11.4,4.3,53.4,29.0,16.7
KURTBOGAZI,72.3,61.2,57.1,58.1,45.0,53.5,72.3,42.5,48.5,48.2,24.5,38.1
KAVSAKKAYA,57.6,41.3,36.1,32.0,38.3,59.9,6.3,16.7,30.4,12.4,6.2,24.3
AKYAR,56.0,56.4,34.9,0.0,7.4,61.9,44.5,6.3,12.6,51.7,28.6,6.7
DOGANOZU,39.4,42.5,40.2,39.9,29.1,47.5,37.4,34.7,34.6,65.5,46.2,34.7
CUBUK II,55.9,59.3,52.9,42.7,6.2,75.1,54.5,27.3,26.3,63.2,33.1,21.3
ASARTEPE,45.2,52.8,46.9,40.6,32.2,58.9,41.8,13.9,1.3,29.5,37.3,12.8
CUBUK 1,39.4,42.5,0.6,0.6,0.0,0.0,0.0,0.0,0.0,0.0,0.0,0.0
KAYAS BAYINDIR,39.4,42.5,68.7,81.4,82.7,84.6,84.6,84.6,100.0,100.0,100.0,100.0
OYMAPINAR,18.2,33.2,33.6,0.0,17.3,18.2,12.5,29.4,28.9,14.2,77.3,16.9
DIM,26.5,19.6,21.4,22.4,19.0,15.8,10.2,24.2,11.4,33.3,32.0,45.1
NARAS,39.4,42.5,40.2,39.9,0.0,80.3,89.0,57.5,56.0,50.8,40.7,26.7
MANAVGAT,49.3,96.5,74.3,70.4,63.2,47.9,42.8,66.1,68.6,67.6,81.3,88.2
KARACAOREN II,55.1,55.1,44.1,68.6,56.7,72.4,91.9,32.8,36.5,75.1,90.3,63.2
KORKUTELI,34.8,42.6,30.5,12.8,0.0,28.6,8.6,3.5,4.0,6.9,3.8,3.0
ALAKIR,19.6,15.3,38.7,43.9,22.4,45.0,10.2,8.6,0.7,36.8,19.9,30.6
CAYBOGAZI,4.8,7.4,4.8,2.4,0.9,18.6,0.7,0.3,6.8,18.0,0.0,6.8
YALNIZARDIC,39.4,42.5,40.2,39.9,29.1,47.5,37.4,34.7,34.6,9.4,12.6,5.1
KAYABEYI,39.4,42.5,40.2,39.9,0.0,20.9,9.5,32.9,25.9,34.7,19.7,51.8
KOTANLI,39.4,42.5,40.2,39.9,29.1,47.5,100.0,41.8,30.7,30.7,30.7,41.3
KOROGLU,39.4,42.5,40.2,39.9,29.1,47.5,37.4,0.0,55.3,17.8,23.5,38.9
DERINER,39.4,42.5,0.0,57.5,46.1,49.9,35.5,36.9,26.7,23.2,0.3,1.0
BORCKA,21.6,46.1,7.1,22.4,56.5,30.7,53.2,39.1,17.5,85.9,31.9,40.4
ARTVIN BARAJI,39.4,42.5,40.2,39.9,29.1,47.5,100.0,100.0,0.0,43.1,88.9,100.0
TBMM 85.YIL MILLI EGEMENLIK,39.4,42.5,46.4,87.9,43.8,77.4,20.6,68.8,16.0,46.8,61.5,58.8
KEMER,17.1,3.8,23.7,17.9,15.7,34.8,6.9,0.0,4.3,19.8,0.2,0.0
CINE ADNAN MENDERES,39.4,42.5,48.4,47.2,12.6,55.6,56.2,22.0,7.0,40.7,0.7,0.0
IKIZDERE,39.4,42.5,37.7,53.3,49.2,60.2,34.9,27.3,24.3,33.8,14.9,11.9
TOPCAM,41.6,31.3,54.0,31.8,13.3,52.5,24.1,16.1,25.5,60.8,16.1,6.6
YAYLAKAVAK,39.4,42.5,17.2,31.8,15.3,36.2,11.2,19.1,29.5,18.5,7.1,6.6
KARACASU,39.4,42.5,0.0,32.8,34.2,50.7,35.5,39.4,57.2,22.0,19.7,16.1
MADRA,53.3,48.7,44.3,36.5,1.9,14.7,0.0,32.1,14.3,33.9,0.0,12.8
HAVRAN,0.0,45.1,0.0,32.1,34.2,61.2,63.8,56.8,49.9,61.0,41.4,61.0
SARIBEYLER,48.4,2.2,43.8,47.1,41.5,42.3,47.3,30.4,20.1,28.9,7.0,36.5
YENICE-GONEN,39.4,42.5,17.4,13.6,9.3,7.2,7.1,0.8,7.2,3.2,4.1,18.9
MANYAS,39.4,42.5,1.4,28.1,6.3,16.7,31.3,37.3,28.3,34.3,37.7,48.5
IKIZCETEPELER,68.3,56.6,64.8,61.5,44.7,63.2,53.6,47.9,24.0,50.8,27.9,32.5
CAYGOREN,30.5,22.6,15.3,17.9,6.5,27.8,16.1,22.5,19.7,15.2,0.1,23.8
ARDICTEPE,39.4,42.5,40.2,39.9,29.1,47.5,0.0,44.3,38.5,38.6,32.1,42.5
BATMAN,21.3,15.3,11.9,12.9,34.4,26.1,25.2,23.9,29.3,23.3,20.6,16.2
GARZAN,39.4,42.5,40.2,39.9,3.4,14.0,39.2,59.9,30.5,21.8,0.0,10.9
DEMIROZU,39.4,42.5,40.2,39.9,0.0,41.8,98.7,98.7,98.6,98.7,100.0,91.9
DARIDERE,39.4,42.5,43.5,25.6,3.6,51.6,45.5,22.0,13.8,7.3,3.2,9.4
KIZILDAMLAR,39.4,42.5,59.5,44.2,33.6,72.1,57.1,61.0,46.2,49.5,55.7,52.9
GUNYURDU MUSTAFA ELDEMIR,39.4,42.5,49.3,43.3,35.3,76.4,66.5,63.9,72.7,68.8,57.8,54.1
OZLUCE,43.6,64.6,32.1,45.2,41.8,31.4,25.9,37.0,7.5,42.8,22.4,11.4
KIGI,39.4,42.5,40.2,39.9,29.1,47.5,0.0,75.1,55.7,48.4,75.2,31.3
GAYT,17.5,17.6,0.0,18.0,8.6,4.2,22.8,0.0,10.4,7.9,0.0,3.2
YUKARI KALEKOY,39.4,42.5,40.2,39.9,29.1,47.5,37.4,0.0,72.8,88.8,68.8,38.0
KOPRUBASI,39.4,42.5,34.0,8.3,13.2,6.3,14.7,3.3,47.1,13.3,3.7,18.0
GOLKOY,30.0,25.4,24.3,18.3,51.7,97.0,23.1,19.6,61.7,93.7,31.6,99.6
KARACAOREN I,43.5,14.1,42.3,36.7,26.6,51.6,29.5,4.0,3.9,17.3,12.8,8.3
ONAC II,39.4,42.5,29.5,7.7,8.6,40.3,19.9,4.4,0.0,25.1,11.2,0.0
YAPRAKLI,50.8,54.3,34.1,21.6,17.9,51.9,22.3,2.2,1.3,1.3,1.4,4.0
CAVDIR,85.1,78.6,69.8,60.3,64.4,84.1,63.1,66.8,28.1,40.8,25.2,19.5
BELKAYA,39.4,42.5,12.1,0.0,36.2,70.6,14.1,20.5,17.9,44.0,21.2,22.8
KARACAL,39.4,42.5,46.0,31.2,29.0,52.2,17.9,0.0,0.0,0.0,0.0,0.0
KARAMANLI,50.2,61.3,62.2,37.1,20.7,65.9,6.9,2.3,0.0,4.8,0.8,1.0
BADEMLI,39.4,42.5,40.2,39.9,29.1,47.5,6.7,2.7,0.9,5.6,3.8,10.8
BOGAZKOY,39.4,42.5,40.2,39.9,40.5,74.0,46.8,33.4,29.4,13.4,24.9,23.0
BABASULTAN,39.4,42.5,40.2,39.9,32.4,55.2,53.8,20.0,50.1,50.3,28.4,45.2
CINARCIK,0.0,5.7,18.8,0.7,7.2,30.8,7.4,21.4,4.2,0.9,12.0,12.0
DOGANCI,39.4,42.5,31.2,26.0,50.7,85.6,32.5,62.0,59.1,45.4,41.1,49.7
NILUFER,39.4,42.5,87.5,81.3,54.7,40.5,67.5,39.4,44.8,34.4,30.6,82.3
GOLBASI,17.1,26.8,19.0,23.3,65.5,37.7,100.0,100.0,29.1,2.3,21.7,39.2
DEMIRTAS,71.6,58.6,50.5,27.5,44.4,84.9,61.1,49.4,84.9,41.8,36.7,33.4
BUYUKORHAN,14.8,8.9,44.0,52.4,29.7,38.7,27.0,17.5,25.9,13.3,0.0,54.8
DEVECIKONAGI,39.4,42.5,40.2,39.9,0.0,55.9,100.0,0.0,66.5,67.0,48.4,75.0
HASANAGA,79.6,72.2,62.4,61.4,96.3,86.0,100.0,51.2,68.9,68.9,68.9,68.9
BAYRAMIC,16.4,16.2,14.4,10.8,24.0,11.1,7.4,4.7,12.5,7.3,0.0,21.4
AYVACIK,28.3,35.9,60.9,60.4,60.9,42.0,34.6,39.6,36.8,48.0,4.5,68.3
GOKCEADA,39.4,42.5,70.2,65.7,69.1,63.4,43.5,30.3,63.6,68.2,48.8,70.1
BAKACAK,35.6,33.7,22.3,33.6,22.4,27.9,2.7,5.6,14.0,44.3,14.1,11.5
TASOLUK,39.3,25.3,49.3,24.3,24.4,40.1,24.5,23.9,11.4,30.2,27.4,27.0
ATIKHISAR,39.4,42.5,60.0,52.7,47.8,55.7,33.1,30.9,61.7,57.5,25.5,79.2
UMURBEY,52.5,48.8,47.1,43.1,62.2,57.9,43.1,48.6,60.7,49.1,40.7,55.7
BAYRAMDERE,39.4,42.5,40.2,39.9,72.2,68.3,61.1,66.8,67.9,67.3,43.1,56.2
TAYFUR,49.4,43.2,38.4,50.9,52.2,44.7,26.1,28.8,63.1,52.6,32.3,35.0
COKAL,39.4,42.5,40.2,39.9,29.1,47.5,44.8,40.1,43.6,40.1,35.8,49.4
AKHASAN,39.4,42.5,40.2,39.9,0.0,94.7,90.5,85.7,97.7,100.0,87.8,87.8
GULDURCEK,64.4,66.9,61.7,46.8,43.5,75.0,59.5,55.2,56.0,61.8,49.5,44.5
OBRUK,40.5,64.2,73.0,5.7,54.5,68.9,32.9,56.4,53.7,56.4,10.4,57.7
KOCHISAR,39.4,42.5,40.2,39.9,51.4,76.6,79.7,74.1,60.8,61.2,44.0,16.1
YENIHAYAT,32.3,50.3,53.3,35.0,10.0,26.8,20.0,3.1,20.3,43.8,20.7,7.2
ALACA,41.8,44.3,48.2,36.3,5.7,70.4,62.2,2.0,23.1,77.2,58.4,36.2
HATAP,0.0,84.9,75.0,68.2,11.2,46.1,64.5,34.8,28.7,42.5,28.5,0.6
CORUM,83.2,66.3,57.2,76.4,28.7,25.1,65.7,48.3,18.1,61.7,62.2,17.4
ADIGUZEL,25.8,34.8,45.8,49.9,26.6,48.8,24.4,1.6,0.0,0.0,0.0,0.0
CINDERE,68.2,98.3,97.9,92.5,97.1,95.1,94.2,98.6,72.9,64.1,43.5,26.1
TAVAS YENIDERE,39.4,42.5,74.3,74.8,63.3,51.1,47.9,55.1,54.2,57.4,35.5,9.3
GOKPINAR VALI RECEP YAZICIOGLU ,39.4,42.5,40.2,39.9,18.0,14.0,17.5,9.6,27.7,19.5,5.8,15.0
ADIGUZEL-2,39.4,42.5,40.2,39.9,0.0,78.6,82.8,71.0,26.8,30.4,0.0,0.0
BULDAN,22.0,24.3,36.2,46.9,28.4,41.8,23.4,11.9,6.9,1.3,0.0,0.0
AYDINLAR AKBAS,39.4,42.5,40.2,39.9,29.1,47.5,37.4,0.0,49.1,1.9,11.4,15.6
KARAKAYA,82.0,88.9,28.0,62.8,20.5,85.9,63.3,51.3,27.7,73.1,36.7,21.1
KRALKIZI,43.1,30.8,38.4,30.2,12.1,39.0,26.5,14.9,17.7,52.1,47.8,26.0
DICLE,39.4,42.5,64.0,69.2,19.4,28.5,84.2,74.1,71.5,71.6,80.6,67.9
DEVEGECIDI,15.1,25.0,32.6,45.5,9.3,39.6,13.4,12.8,8.3,40.2,19.6,3.6
CINAR GOKSU,39.4,42.5,13.0,27.8,0.0,14.1,0.0,0.0,0.3,51.0,33.9,0.0
PAMUKCAY,39.4,42.5,40.2,39.9,29.1,47.5,0.0,91.2,97.6,100.0,86.5,39.4
HASANLAR,29.4,21.7,22.1,3.1,11.1,10.6,7.9,7.6,7.2,1.3,5.2,31.5
HAMZADERE,39.4,42.5,37.5,26.9,35.4,34.3,23.6,50.6,53.6,56.2,53.8,52.4
KADIKOY,32.7,13.8,5.1,17.4,14.9,5.8,3.3,14.7,39.3,31.7,7.2,14.7
SULOGLU,73.6,53.4,61.7,56.4,44.7,63.5,62.9,33.3,74.9,50.6,30.0,66.2
KARPUZLU,39.4,42.5,19.0,38.6,59.2,43.6,37.9,37.5,52.1,47.1,48.5,52.4
ALTINYAZI,49.1,41.4,35.5,42.1,42.4,22.6,1.1,0.3,46.2,4.7,1.5,11.1
SULTANKOY,28.6,18.3,17.4,4.5,24.9,16.4,8.5,14.6,61.2,55.2,60.5,41.8
KEBAN,68.9,78.1,62.4,72.5,32.1,64.8,72.7,31.1,44.2,72.9,46.7,29.5
BEYHAN-1,39.4,42.5,40.2,39.9,29.1,47.5,9.6,93.8,51.8,27.8,13.6,18.8
PEMBELIK,39.4,42.5,40.2,39.9,0.0,45.2,90.1,95.5,59.3,91.6,81.6,90.7
TATAR,39.4,42.5,40.2,39.9,8.1,28.5,82.3,95.0,61.9,77.5,74.2,71.2
SEYRANTEPE,80.0,78.8,100.0,91.6,71.3,95.4,92.3,92.1,81.7,83.3,69.3,72.8
KALECIK,25.7,29.4,58.4,67.0,34.3,31.4,70.7,37.9,60.9,52.1,49.4,77.1
CIP,19.0,6.9,15.2,30.6,11.9,61.8,48.0,14.2,10.3,70.5,51.5,53.8
BAGISTAS-1,39.4,42.5,40.2,39.9,29.1,47.5,34.0,55.6,52.0,54.0,92.4,22.8
TERCAN,35.9,22.6,33.7,37.5,45.4,47.4,50.1,50.7,41.1,38.9,53.0,66.8
ERZINCAN,2.4,14.4,2.4,5.8,0.0,3.0,11.0,0.0,7.8,0.0,0.0,22.5
DEMIRDOVEN,26.2,19.5,8.3,33.5,0.0,11.6,18.8,2.8,39.1,20.7,23.8,5.0
AYVALI,75.4,79.1,75.9,75.9,40.8,48.4,28.5,2.3,10.6,55.2,48.5,30.6
ARKUN,39.4,42.5,40.2,39.9,8.3,32.7,52.0,59.9,84.4,99.1,91.1,49.3
GULLUBAG,39.4,42.5,69.3,58.7,75.5,70.2,32.0,36.6,51.0,48.6,65.9,77.4
PAZARYOLU,39.4,42.5,40.2,39.9,29.1,47.5,75.7,73.9,73.9,43.0,36.5,36.5
KUZGUN,13.6,29.6,24.4,32.2,22.7,34.9,37.6,36.4,47.3,47.5,38.4,20.5
PALANDIKEN,62.2,73.7,61.0,59.1,24.6,55.0,75.2,75.7,84.8,89.7,82.5,64.1
SARIYAR,39.4,42.5,41.6,60.1,39.6,62.2,52.3,50.5,48.0,59.2,53.3,48.1
GOKCEKAYA,60.2,79.6,61.9,78.3,79.1,69.3,82.3,83.1,67.5,69.2,18.6,19.4
PORSUK,61.1,64.3,70.4,58.5,34.7,74.4,60.1,42.5,33.1,38.6,32.9,34.9
BEYLIKOVA DEPOLAMASI,39.4,42.5,40.2,39.9,0.0,0.0,0.0,0.0,28.2,16.9,17.1,29.3
YENICE,89.2,31.8,30.6,3.8,27.2,57.8,44.3,11.8,0.0,3.6,0.0,0.0
CATOREN,18.9,41.0,47.0,11.2,3.3,88.9,26.3,9.9,12.4,16.1,6.3,5.3
KUNDUZLAR,8.4,7.0,6.1,7.3,7.5,26.7,9.0,14.7,18.8,14.0,10.9,9.3
ASAGI KUZFINDIK,39.4,42.5,74.3,45.4,9.5,41.6,35.4,36.3,26.3,17.3,10.3,1.4
KESKIN,39.4,42.5,40.2,39.9,29.1,47.5,37.4,34.7,34.6,2.0,2.0,0.0
KARKAMIS,81.0,83.0,50.8,32.0,69.1,67.1,39.6,72.2,83.4,71.1,73.2,80.7
KAYACIK,0.0,3.8,5.6,6.0,0.0,19.0,11.6,6.7,11.0,40.5,12.3,26.0
HANCAGIZ,0.0,0.0,3.3,18.5,0.0,0.0,2.1,0.5,1.4,57.2,38.4,24.9
TORUL,8.8,13.3,26.9,38.3,57.7,60.6,30.2,4.8,9.3,15.3,6.2,4.4
KURTUN,37.0,45.5,53.3,51.1,45.1,73.2,75.1,44.6,1.5,34.5,73.7,54.3
AKKOY 1,39.4,42.5,62.6,52.6,45.2,8.8,46.0,2.2,8.8,4.4,45.2,61.0
KOSE,39.4,42.5,40.2,39.9,29.1,47.5,62.6,67.1,67.1,67.1,66.8,24.0
KORULUK,39.4,42.5,0.0,86.1,52.0,45.6,54.0,74.1,74.1,74.1,74.1,56.1
TAHTAKOPRU,39.4,42.5,22.5,14.5,0.0,11.2,0.0,0.0,1.9,0.0,0.0,0.0
YARSELI,39.4,42.5,7.3,11.6,6.6,0.6,2.3,2.3,1.6,8.3,2.2,1.5
YAYLADAG,34.8,45.1,33.0,27.1,0.0,30.1,44.8,32.3,32.5,28.5,0.0,5.2
ULUBORLU,55.8,60.4,52.4,32.2,24.8,17.4,0.0,0.0,0.0,7.2,0.0,1.6
SORGUN,38.2,27.1,41.7,38.1,32.3,47.1,30.7,37.4,23.6,59.8,33.8,26.9
YALVAC,0.0,21.1,18.2,0.0,0.0,19.0,14.6,20.2,14.9,25.1,11.6,0.0
DARIDERESI,39.4,42.5,40.2,39.9,29.1,47.5,37.4,0.0,30.6,36.7,23.1,49.6
BERDAN,17.4,28.1,46.2,30.7,39.6,32.1,20.3,33.5,37.2,38.5,31.2,16.0
ALAKOPRU,39.4,42.5,40.2,39.9,29.1,47.5,33.4,65.2,47.0,71.7,72.6,84.2
GEZENDE,0.0,5.8,93.0,36.0,24.2,7.3,47.5,30.5,28.2,54.4,13.2,36.5
OMERLI,57.8,60.8,64.4,60.4,18.8,74.3,49.2,60.5,63.1,47.9,54.4,87.0
TERKOS,39.4,42.5,47.3,59.4,57.2,68.0,54.6,61.7,56.5,65.3,38.9,65.4
BUYUKCEKMECE,39.4,42.5,50.5,44.5,9.1,54.3,22.5,49.8,55.9,49.1,18.6,52.8
DARLIK,61.0,59.8,51.5,57.4,7.2,64.0,52.9,46.6,61.3,53.4,68.2,58.8
SAZLIDERE,72.0,67.4,49.0,38.2,4.5,15.4,36.1,41.0,18.8,45.4,9.9,29.9
ALIBEY,17.0,44.9,18.3,22.6,19.8,61.2,40.4,65.1,53.6,40.1,21.4,27.2
KAZANDERE,92.6,67.1,33.5,8.7,28.8,81.2,61.0,72.7,57.9,20.4,5.5,13.7
ELMALI II,39.4,42.5,67.3,47.8,43.7,94.0,0.6,0.6,62.7,74.4,32.6,71.1
BUYUKDERE,39.4,42.5,66.7,22.5,95.3,100.0,70.3,100.0,44.9,20.8,11.9,14.8
SULTANBAHCEDERE,39.4,42.5,31.9,48.1,92.3,100.0,28.8,100.0,92.8,71.2,59.1,26.0
KUZULUDERE,39.4,42.5,12.5,31.2,99.4,95.0,16.9,99.4,12.5,8.1,13.8,24.4
DUZDERE,81.0,16.6,55.0,55.0,76.5,100.0,29.4,100.0,100.0,35.3,58.8,35.3
ELMALIDERE,39.4,42.5,0.0,0.0,100.0,100.0,100.0,100.0,100.0,50.0,50.0,0.0
TAHTALI,47.6,48.4,46.7,64.5,52.7,70.9,53.8,47.2,31.7,60.4,42.1,57.7
BEYDAG,39.4,42.5,22.5,38.1,30.4,37.3,14.5,1.9,1.4,1.3,0.8,0.5
ZEYTINOVA,39.4,42.5,40.2,39.9,0.0,8.4,4.3,22.8,9.9,11.4,3.8,4.5
SEFERIHISAR,46.2,52.8,41.0,48.5,46.4,65.8,60.0,46.6,41.7,72.0,53.0,69.5
VALI KUTLU AKTAS,39.4,42.5,40.2,39.9,7.1,44.4,24.9,13.5,14.2,54.9,21.4,45.7
KAVAKDERE,71.8,64.9,62.8,65.9,60.7,65.5,42.1,32.4,14.8,65.2,33.6,71.5
URKMEZ,54.0,48.6,37.9,56.2,42.4,62.1,51.8,58.1,52.3,58.0,40.0,57.5
BALCOVA,17.2,17.7,28.3,35.1,15.4,8.1,16.5,13.9,24.5,10.6,15.0,54.5
GUZELHISAR,78.0,78.6,78.8,51.7,55.2,74.2,73.9,72.6,67.1,69.5,49.2,70.2
YORTANLI,39.4,42.5,79.2,49.0,57.0,65.2,60.2,41.0,20.2,47.3,14.0,28.9
CALTIKORU,39.4,42.5,44.5,83.3,53.7,49.8,58.3,62.2,52.2,50.3,23.3,31.2
KESTEL,51.1,48.1,47.4,38.1,0.2,34.0,15.4,36.9,42.1,42.7,5.3,31.7
MENZELET,49.2,64.2,68.6,44.5,12.5,47.7,29.0,15.0,24.6,58.5,60.6,54.8
SIR,35.1,8.8,17.9,15.4,6.3,22.1,13.0,13.0,28.0,33.9,16.5,11.8
ADATEPE,39.4,42.5,40.2,39.9,0.0,74.3,52.0,28.3,7.0,67.0,57.7,55.3
KANDIL,39.4,42.5,40.2,39.9,3.4,74.9,41.7,47.0,34.5,90.4,85.5,54.2
KARTALKAYA,3.7,6.7,12.3,11.1,18.8,21.0,17.8,21.9,22.0,22.0,21.6,18.4
KILAVUZLU,39.4,42.5,15.0,89.1,91.6,78.1,74.3,83.0,66.8,90.4,95.3,64.6
SARIGUZEL,39.4,42.5,40.2,39.9,43.6,57.8,68.1,80.7,90.7,93.4,82.0,53.5
ERMENEK,0.0,1.7,97.6,44.0,37.5,59.8,65.7,64.6,71.7,66.2,55.0,33.0
BALKUSAN,39.4,42.5,40.2,39.9,0.0,31.0,1.0,0.2,0.0,1.3,8.5,3.2
GODET,0.6,2.0,3.8,0.8,0.6,7.7,2.0,14.4,15.5,28.9,46.1,38.5
IBRALA,39.4,42.5,40.2,39.9,20.9,49.9,29.5,65.1,34.1,44.9,0.0,3.9
AYRANCI,0.6,3.2,2.4,2.2,2.9,2.1,4.4,2.9,1.7,3.7,0.8,0.1
ARPACAY ,39.4,42.5,0.0,1.4,0.0,3.3,11.3,70.0,70.0,70.0,70.0,7.7
BAYBURT,39.4,42.5,40.2,39.9,11.9,24.4,30.0,30.0,30.0,30.3,30.3,27.0
SEFAKOY,39.4,42.5,69.6,81.3,69.9,67.4,88.7,91.0,72.8,94.8,85.7,88.8
BEYLER,60.1,9.0,66.9,46.9,33.8,73.4,69.7,66.5,73.3,66.9,52.2,90.8
KULAKSIZLAR,0.0,88.3,82.1,88.5,87.7,86.5,78.1,63.9,64.0,41.4,30.5,45.3
KARADERE,0.0,57.7,27.7,19.0,14.9,34.3,37.0,27.7,17.3,21.3,8.6,91.9
KARACOMAK,59.6,64.8,50.7,36.6,39.5,73.5,76.4,58.5,63.9,72.3,49.9,33.6
GERMECTEPE,16.5,25.8,16.5,16.7,38.4,37.5,51.9,12.2,39.7,38.1,5.2,2.8
YAMULA,72.8,65.3,56.4,68.0,23.0,59.6,70.3,23.7,5.7,28.4,33.4,11.4
AGCASAR,4.9,1.7,40.2,39.9,2.6,22.3,13.2,28.2,12.6,22.1,24.3,4.4
SARIMSAKLI,23.8,29.8,16.9,15.7,24.3,28.4,6.1,5.7,2.8,1.3,3.0,0.0
SARIOGLAN,53.9,63.9,55.8,3.0,0.0,13.9,0.0,0.0,0.0,0.0,7.5,0.0
KOVALI,4.9,0.6,0.4,5.8,0.0,18.4,9.0,0.0,4.0,8.7,5.5,16.3
AKKOY,20.0,25.7,10.8,18.6,14.8,23.8,5.2,1.7,16.2,0.0,4.4,1.7
BAHCELIK,62.4,73.7,74.3,79.2,59.4,81.6,41.3,40.7,55.6,13.0,63.2,45.8
GUMUSOREN,39.4,42.5,40.2,39.9,29.1,47.5,0.0,24.0,65.2,26.8,52.9,56.8
AKSAKLI-KARACALI,39.4,42.5,40.2,39.9,29.1,47.5,37.4,24.0,0.0,75.0,0.0,0.0
KAYAPINAR,39.4,42.5,40.2,39.9,29.1,47.5,37.4,0.0,9.9,64.7,35.1,16.6
KAPULUKAYA,42.9,77.3,27.8,50.9,82.9,54.8,78.4,72.4,84.1,26.8,88.5,85.3
SULAKYURT,39.4,42.5,40.2,39.9,29.1,47.5,37.4,34.7,34.6,39.5,53.8,58.3
PABUCDERE,92.3,65.8,35.3,15.9,18.6,76.3,25.7,72.2,55.6,10.8,8.2,2.2
KAYALIKOY,45.1,35.8,41.2,41.4,41.8,56.9,58.4,43.8,57.6,31.7,4.4,43.1
KIRKLARELI,59.0,42.7,47.8,55.2,42.8,45.3,38.6,30.2,41.5,22.6,21.8,55.0
ARMAGAN,87.6,72.9,64.2,54.3,65.8,59.4,65.4,55.8,60.4,59.2,33.1,64.5
KARAOVA,31.9,46.0,48.7,40.8,27.5,24.5,16.9,8.3,6.8,15.6,16.9,8.8
SIDDIKLI,50.5,39.7,9.4,4.6,24.3,12.7,2.0,0.0,0.2,3.7,4.2,1.5
COGUN,55.0,71.8,68.8,46.3,27.3,32.4,31.9,9.9,0.0,19.8,21.0,6.9
SEVE,15.9,5.7,58.6,75.3,42.2,69.3,35.3,8.7,1.6,79.7,74.8,61.7
KIRAZDERE,39.4,42.5,41.8,31.7,60.3,81.7,38.9,46.4,40.9,40.6,34.6,75.2
BAGBASI,39.4,42.5,40.2,39.9,29.1,47.5,0.0,3.1,36.7,34.2,35.6,15.2
APA,6.5,11.2,9.7,3.5,3.5,37.2,4.5,6.1,6.0,3.6,12.9,1.2
IVRIZ,4.4,8.0,6.6,5.5,5.2,28.5,4.7,6.0,9.9,43.0,4.0,2.1
ALTINAPA,22.0,56.6,42.5,18.5,12.2,67.8,7.8,21.3,3.8,0.0,33.8,37.2
DELICAY,39.4,42.5,0.0,0.0,0.0,0.0,0.0,0.0,0.0,34.9,0.0,0.0
DEREBUCAK Prof. Dr. YILMAZ MUSLU,39.4,42.5,58.3,48.6,48.9,44.6,28.2,12.1,31.0,25.1,99.6,40.9
SILLE,36.5,56.6,100.0,90.4,78.3,96.3,46.3,70.5,54.9,54.5,98.8,87.3
BESKARIS,39.4,42.5,40.2,39.9,41.3,58.4,38.0,23.2,25.6,85.4,71.4,71.4
CAVDARHISAR,66.1,59.8,64.3,53.1,27.2,73.0,36.2,14.5,38.1,49.7,31.4,28.6
KAYABOGAZI,50.6,53.5,45.7,47.4,70.0,61.1,74.6,47.3,72.5,37.7,54.7,68.0
ENNE,39.4,42.5,40.2,39.9,29.1,47.5,37.4,0.0,46.1,37.8,85.4,85.4
CAT,15.2,19.5,19.2,28.9,2.7,24.6,8.0,0.0,0.0,26.6,34.4,20.1
BOZTEPE RECAI KUTAN,39.4,42.5,0.0,82.0,25.3,52.0,62.9,67.2,42.2,24.9,21.1,15.0
KAPIKAYA TURGUT OZAL,39.4,42.5,0.0,88.8,87.1,88.0,75.8,72.1,66.5,56.1,51.0,37.0
SURGU,2.8,9.4,11.2,15.9,0.7,23.2,12.3,0.4,1.7,38.3,19.2,18.8
SULTAN SUYU,39.4,42.5,18.5,14.3,4.9,22.5,19.1,5.1,11.4,12.2,14.4,12.2
POLAT,1.7,17.8,4.2,14.2,4.2,14.0,7.1,1.6,12.6,37.6,17.4,19.3
DEMIRKOPRU,47.8,39.9,43.8,44.3,2.6,34.0,17.5,0.0,0.0,0.0,0.0,0.0
GORDES,39.4,42.5,22.4,29.4,13.8,0.0,0.0,5.5,10.1,9.6,5.7,4.0
AVSAR,48.8,37.9,40.9,43.5,7.9,53.1,12.7,6.1,2.9,10.5,7.2,0.0
GUNESLI,39.4,42.5,40.2,39.9,0.0,87.4,38.6,78.7,48.0,68.9,21.3,44.5
SEVISLER,58.6,56.0,69.1,67.4,53.4,64.5,61.9,60.0,48.8,59.1,35.2,38.4
DUMLUCA,0.7,10.2,20.7,20.8,0.9,14.8,5.1,11.5,14.0,13.5,96.2,0.0
AKKOPRU,39.4,42.5,0.0,0.0,3.5,20.2,0.0,0.0,0.0,0.0,0.0,0.0
GEYIK,58.8,67.0,63.6,63.0,38.9,51.9,32.2,12.2,26.3,73.4,68.7,37.2
AKGEDIK,25.6,33.3,22.5,32.0,0.8,72.9,13.4,12.8,23.5,60.4,34.1,19.9
ESEN 1,39.4,42.5,6.9,4.7,0.0,7.0,0.6,0.0,0.0,0.0,0.0,0.0
DERINCE,39.4,42.5,40.2,39.9,0.0,49.9,53.5,47.9,63.7,66.0,56.9,20.0
MUMCULAR,43.4,22.7,44.1,43.6,12.2,40.1,5.4,0.0,0.0,44.7,9.4,1.7
BAYIR,73.6,73.6,85.0,69.7,43.1,47.1,44.0,46.0,46.1,77.0,70.1,59.8
ALPARSLAN-1,39.4,42.5,10.4,52.4,36.8,38.7,58.9,56.1,35.3,47.7,51.2,0.9
BAYRAMHACILI,39.4,42.5,55.9,67.7,49.1,74.9,63.0,75.3,57.3,74.7,70.1,78.3
AYHANLAR,32.8,43.9,57.7,55.2,38.2,33.2,13.9,3.4,1.4,7.9,8.3,0.0
YALINTAS,13.5,7.9,18.5,49.5,34.7,39.6,21.4,9.0,1.3,30.2,0.0,0.0
DAMSA,56.6,44.8,41.6,39.4,39.1,41.6,24.7,31.3,50.5,0.0,45.1,54.1
DOYDUK,39.4,42.5,40.2,39.9,29.1,47.5,37.4,34.7,0.0,47.7,58.0,31.8
AKKAYA,39.4,42.5,0.0,5.8,27.7,35.6,24.4,6.9,6.3,3.3,6.9,39.4
GUMUSLER,0.8,5.6,8.0,4.5,2.8,3.3,3.8,0.8,1.8,12.7,18.8,17.3
GEBERE,0.0,4.1,4.8,10.0,1.6,22.1,0.0,0.0,0.0,13.1,4.5,9.0
TOPCAM-ORDU,39.4,42.5,40.2,39.9,29.1,47.5,0.0,27.6,27.2,30.8,16.2,46.0
UMUT I BARAJI,39.4,42.5,40.2,39.9,29.1,47.5,6.8,18.3,0.1,0.0,0.0,0.0
BERKE,39.4,42.5,87.3,79.8,15.5,86.9,48.7,75.3,49.7,93.3,83.9,45.9
MEHMETLI,39.4,42.5,1.4,8.0,2.9,32.2,23.2,26.7,22.9,22.6,10.7,18.1
KALECIK BARAJI,39.4,42.5,20.0,23.9,22.8,30.5,11.5,18.9,16.9,22.5,14.8,28.2
ALTINKAYA,43.1,62.0,38.3,52.6,38.3,85.7,73.6,52.6,41.2,41.9,23.1,32.6
DERBENT,77.0,77.0,66.8,85.6,63.6,74.4,71.1,58.0,71.8,61.3,81.0,76.4
VEZIRKOPRU,39.4,42.5,71.4,70.9,84.5,74.0,58.8,73.3,64.6,62.3,16.5,51.0
H.UGURLU,39.4,42.5,32.7,43.3,14.4,15.2,55.2,60.5,39.0,59.2,38.3,11.8
S.UGURLU,39.4,42.5,57.5,16.4,6.8,40.8,58.9,39.2,59.5,72.7,63.6,29.3
CAKMAK,73.5,73.7,77.0,78.5,7.9,70.6,71.5,70.2,42.4,49.2,46.1,82.7
ALKUMRU,39.4,42.5,58.3,20.7,44.8,13.5,50.1,30.3,21.9,50.8,81.9,40.6
ERFELEK,39.4,42.5,82.7,68.9,85.6,90.4,84.0,68.8,68.4,65.8,57.5,75.9
BOYABAT,39.4,42.5,0.0,50.7,44.6,38.0,26.8,21.1,27.8,47.9,49.9,15.7
SARAYDUZU,39.4,42.5,40.2,39.9,29.1,47.5,73.5,78.2,79.7,79.3,52.6,54.7
DODURGA,39.4,42.5,40.2,39.9,29.1,47.5,43.2,48.0,28.1,36.1,0.0,26.1
MURSAL,13.5,0.0,6.4,74.1,3.9,11.4,8.7,5.9,21.3,18.6,15.5,30.3
PUSAT OZEN,39.4,42.5,83.9,68.0,75.6,90.5,80.3,78.5,82.7,0.0,67.2,54.8
4 EYLUL,39.4,42.5,51.5,57.1,42.6,27.4,25.7,14.1,8.0,28.5,12.3,3.4
IMRANLI,52.9,43.6,27.7,29.5,73.1,58.6,73.0,64.7,76.2,72.9,58.3,51.8
KARACALAR,48.6,48.3,65.6,62.8,20.0,9.5,5.9,0.0,7.4,5.9,10.0,3.9
CERMIKLER,39.4,42.5,40.2,39.9,0.0,20.1,20.6,33.6,6.2,42.0,61.4,41.6
KANAK,39.4,42.5,40.2,39.9,29.1,47.5,50.9,18.1,34.2,7.1,59.9,31.8
GAZIBEY,29.7,48.6,49.9,42.9,1.7,18.9,23.6,19.4,12.4,38.8,42.3,31.4
YAPIALTIN,16.2,21.5,2.5,19.2,9.0,20.1,20.6,2.8,22.9,40.2,34.6,28.6
MAKSUTLU,31.7,32.4,17.9,7.1,2.5,13.5,9.5,5.1,30.9,12.7,8.6,5.6
KILICKAYA,22.7,32.3,49.1,53.9,29.5,54.0,56.8,48.8,40.8,24.2,35.8,18.4
GULOVA,22.8,28.8,33.6,28.0,2.7,30.7,38.9,3.0,22.4,27.2,17.9,12.1
CAMLIGUZE,63.4,61.9,70.9,64.3,67.8,55.0,57.1,71.6,86.0,55.0,86.0,95.6
UCOZ,39.4,42.5,40.2,39.9,29.1,47.5,37.4,34.7,0.0,35.9,13.1,11.3
BOZARMUT,39.4,42.5,40.2,39.9,29.1,47.5,37.4,34.7,5.9,100.0,4.5,2.2
ATATURK,52.0,53.5,59.8,57.9,42.7,46.5,24.4,30.9,20.9,45.0,43.2,36.3
BIRECIK,88.0,80.1,73.5,79.6,85.3,84.8,75.6,81.4,81.2,69.5,83.0,80.7
HACIHIDIR,17.6,16.3,26.4,24.8,20.6,13.9,18.0,16.2,16.0,44.9,40.9,12.3
SILOPI,39.4,42.5,40.2,39.9,29.1,47.5,37.4,0.0,100.0,100.0,100.0,100.0
SIRNAK,39.4,42.5,40.2,39.9,29.1,47.5,37.4,0.0,100.0,100.0,100.0,100.0
NAIPKOY BARAJI,39.4,42.5,40.2,39.9,29.1,47.5,37.4,34.7,34.6,74.1,40.6,43.8
TURKMENLI,39.4,42.5,40.2,39.9,35.1,70.6,37.9,42.9,72.5,69.5,32.0,33.9
KARAIDEMIR,47.2,43.7,27.7,41.0,22.2,29.3,0.0,14.1,39.7,23.5,4.1,12.4
ALMUS,53.4,67.7,54.1,54.6,37.4,52.7,62.1,48.3,27.6,41.9,42.1,19.7
GUZELCE,39.4,42.5,40.2,39.9,29.1,47.5,37.4,34.7,34.6,82.5,75.7,70.8
TEPEKISLA,39.4,42.5,40.2,39.9,29.1,47.5,52.5,87.5,87.3,100.0,98.6,65.8
BELPINAR,40.4,41.3,38.9,37.4,2.9,58.4,28.1,18.4,0.2,4.0,0.1,0.0
BEDIRKALE,58.2,96.3,50.5,55.1,0.0,82.5,41.4,36.3,2.2,37.5,37.0,13.3
BOZTEPE,34.6,43.4,19.1,27.3,2.2,73.5,27.3,7.2,1.2,17.8,4.8,4.8
ATAKOY,90.8,90.8,93.6,98.2,64.9,98.2,94.6,100.0,83.8,89.2,93.7,90.1
ATASU,39.4,42.5,40.2,39.9,67.3,100.0,99.4,99.4,99.4,99.4,100.0,100.0
UZUNCAYIR,35.4,38.4,24.5,17.8,17.5,15.5,32.0,21.5,59.2,22.8,23.0,1.9
KUCUKLER,77.2,72.4,80.7,50.3,14.6,68.7,48.6,7.4,34.3,21.7,10.4,5.0
SARIMEHMET,49.2,26.3,28.0,22.1,2.6,6.3,7.9,14.1,8.5,11.8,0.0,6.1
ZERNEK,46.8,55.2,22.9,48.9,6.2,32.6,36.4,31.5,43.3,35.6,42.8,0.0
KOCKOPRU,8.6,27.9,30.6,25.0,0.0,2.4,8.2,20.6,27.1,29.3,17.5,16.6
GOKCE,62.5,43.7,44.1,37.8,7.8,61.5,38.5,45.3,39.7,43.6,42.6,61.3
GELINGULLU,62.4,64.0,49.2,40.5,2.1,32.9,27.6,0.0,0.0,13.3,10.5,0.0
UZUNLU,17.9,13.6,2.1,0.0,0.0,3.1,0.0,0.0,0.0,0.0,0.0,0.0
YAHYASARAY,45.5,50.4,17.5,24.5,8.5,58.9,19.0,0.0,6.7,32.4,14.0,1.1
FEHIMLI,6.8,10.7,29.5,25.0,17.5,19.8,8.5,8.7,12.1,10.7,4.9,10.4
KUZAYCA,4.2,2.2,0.7,0.6,0.0,0.0,0.0,0.0,0.0,11.6,0.0,0.0
SUREYYABEY,39.4,42.5,40.2,39.9,29.1,47.5,0.0,57.8,57.4,0.0,19.8,7.2
MUSABEYLI,39.4,42.5,40.2,39.9,29.1,47.5,37.4,46.1,32.4,55.5,27.1,25.6
KIZILCAPINAR,66.4,60.5,41.4,28.1,88.8,46.6,70.4,72.1,56.2,83.6,69.0,89.8
KOZLU,39.4,42.5,40.6,26.8,29.3,57.7,66.5,67.8,54.5,60.3,50.9,70.6
